id,label,classification
1770,0.6230541467666626,dog
9217,0.6119334101676941,dog
2863,0.22806912660598755,cat
5330,0.123668372631073,cat
5970,0.028768861666321754,cat
686,0.08936955034732819,cat
9368,0.47525548934936523,cat
10734,0.8785988688468933,dog
2030,0.0018588827224448323,cat
6355,0.5632703900337219,dog
