id,label,classification
jpg,0.48478949069976807,cat
jpg,0.42338937520980835,cat
jpg,0.3504904508590698,cat
jpg,0.5145731568336487,dog
jpg,0.5190585255622864,dog
jpg,0.4565289318561554,cat
jpg,0.41590598225593567,cat
jpg,0.6329851150512695,dog
jpg,0.4943772256374359,cat
jpg,0.479849636554718,cat
